<?xml version="1.0" encoding="utf-8" ?><dwsync><file name="Asset-1.svg" server="217.160.14.214" local="3727180381" remote="3727177020" Dst="-1" /><file name="berlinHistory_quer_weiss.png" server="217.160.14.214" local="3727180381" remote="3727177020" Dst="-1" /><file name="crowdCuratio-klein.png" server="217.160.14.214" local="3727180381" remote="3727177020" Dst="-1" /><file name="crowdCuratio0.png" server="217.160.14.214" local="3727180381" remote="3727177020" Dst="-1" /><file name="crowdCuratio2.jpg" server="217.160.14.214" local="3727180381" remote="3727177020" Dst="-1" /><file name="crowdCuratio3.jpg" server="217.160.14.214" local="3727180381" remote="3727177020" Dst="-1" /><file name="logo.svg" server="217.160.14.214" local="3727180381" remote="3727177020" Dst="-1" /><file name="crowdCuratio1.jpg" server="217.160.14.214" local="3727180381" remote="3727177020" Dst="-1" /></dwsync>