<?xml version="1.0" encoding="utf-8" ?><dwsync><file name="Inter-Black.ttf" server="217.160.14.214" local="3728018835" remote="3727253880" Dst="-1" /><file name="Inter-Bold.ttf" server="217.160.14.214" local="3728018835" remote="3727253880" Dst="-1" /><file name="Inter-ExtraBold.ttf" server="217.160.14.214" local="3728018835" remote="3727253880" Dst="-1" /><file name="Inter-ExtraLight.ttf" server="217.160.14.214" local="3728018835" remote="3727253880" Dst="-1" /><file name="Inter-Light.ttf" server="217.160.14.214" local="3728018835" remote="3727253880" Dst="-1" /><file name="Inter-Medium.ttf" server="217.160.14.214" local="3728018835" remote="3727253880" Dst="-1" /><file name="Inter-Regular.ttf" server="217.160.14.214" local="3728018835" remote="3727253880" Dst="-1" /><file name="Inter-SemiBold.ttf" server="217.160.14.214" local="3728018835" remote="3727253880" Dst="-1" /><file name="Inter-Thin.ttf" server="217.160.14.214" local="3728018835" remote="3727253880" Dst="-1" /></dwsync>